Workbook
Name סוג_המטלה: lists!$A$2:$A$6
Name סטטוס: lists!$B$2:$B$5
Name עדיפות: lists!$C$2:$C$5
Name שם_הקורס: הגדרות_משתמש!$B$3:$B$15
Name שנת_לימודים: lists!$D$2:$D$7

Sheet הגדרות_משתמש
A1: אנא הזן את שמות הקורסים
B2: שם_הקורס
A3: 1
A4: 2
A5: 3
A6: 4
A7: 5
A8: 6
A9: 7
A10: 8
A11: 9
A12: 10
A13: 11
A14: 12
A15: 13

Sheet דשבורד
A2: שלושת המטלות הקרובות להגשה
A3: דירוג דחיפות | B3: שם הקורס | C3: שם מטלה | D3: ימים שנותרו | E3: סטטוס
A4: 1 | B4: =IFERROR(INDEX(מעקב_מטלות!$A$2:$A$53, MATCH(דשבורד!A4,מעקב_מטלות!$M$2:$M$53,0),1),"-") -> - | C4: =IFERROR(INDEX(מעקב_מטלות!$B$2:$B$53, MATCH(A4,טבלה1[דירוג דחיפות],0),1), "-") -> - | D4: =IFERROR(INDEX(מעקב_מטלות!$E$2:$E$53, MATCH(A4,טבלה1[דירוג דחיפות],0),1), "-") -> - | E4: =IFERROR(INDEX(מעקב_מטלות!$F$2:$F$53, MATCH(דשבורד!A4,טבלה1[דירוג דחיפות],0),1), "-") -> -
A5: 2 | B5: =IFERROR(INDEX(מעקב_מטלות!$A$2:$A$53, MATCH(דשבורד!A5,מעקב_מטלות!$M$2:$M$53,0),1),"-") -> - | C5: =IFERROR(INDEX(מעקב_מטלות!$B$2:$B$53, MATCH(A5,טבלה1[דירוג דחיפות],0),1), "-") -> - | D5: =IFERROR(INDEX(מעקב_מטלות!$E$2:$E$53, MATCH(A5,טבלה1[דירוג דחיפות],0),1), "-") -> - | E5: =IFERROR(INDEX(מעקב_מטלות!$F$2:$F$53, MATCH(דשבורד!A5,טבלה1[דירוג דחיפות],0),1), "-") -> -
A6: 3 | B6: =IFERROR(INDEX(מעקב_מטלות!$A$2:$A$53, MATCH(דשבורד!A6,מעקב_מטלות!$M$2:$M$53,0),1),"-") -> - | C6: =IFERROR(INDEX(מעקב_מטלות!$B$2:$B$53, MATCH(A6,טבלה1[דירוג דחיפות],0),1), "-") -> - | D6: =IFERROR(INDEX(מעקב_מטלות!$E$2:$E$53, MATCH(A6,טבלה1[דירוג דחיפות],0),1), "-") -> - | E6: =IFERROR(INDEX(מעקב_מטלות!$F$2:$F$53, MATCH(דשבורד!A6,טבלה1[דירוג דחיפות],0),1), "-") -> -
B10: מחשבון
B11: בחירת הקורס
B12: ציון סופי רצוי
B13: ציון משוקלל | C13: =SUMIF(טבלה1[שם הקורס],דשבורד!$C$11,טבלה1[ציון לפי אחוז]) -> 0
B14: אחוז שנותר | C14: =1-SUMIF(טבלה1[שם הקורס],דשבורד!C11,טבלה1[משקל בציון (%)]) -> 1
B15: ציון שיש לקבל במבחן | C15: =IFERROR((C12-C13)/(C14),"-") -> 0
B20: 1 | C20: 2 | D20: 3 | E20: 4 | F20: 5 | G20: 6 | H20: 7 | I20: 8 | J20: 9 | K20: 10 | L20: 11 | M20: 12 | N20: 13
A21: שם הקורס | B21: =INDEX(הגדרות_משתמש!$B$3:'הגדרות_משתמש'!$B$15,COLUMNS($B$21:B21)) -> 0 | C21: =INDEX(הגדרות_משתמש!$B$3:'הגדרות_משתמש'!$B$15,COLUMNS($B$21:C21)) -> 0 | D21: =INDEX(הגדרות_משתמש!$B$3:'הגדרות_משתמש'!$B$15,COLUMNS($B$21:D21)) -> 0 | E21: =INDEX(הגדרות_משתמש!$B$3:'הגדרות_משתמש'!$B$15,COLUMNS($B$21:E21)) -> 0 | F21: =INDEX(הגדרות_משתמש!$B$3:'הגדרות_משתמש'!$B$15,COLUMNS($B$21:F21)) -> 0 | G21: =INDEX(הגדרות_משתמש!$B$3:'הגדרות_משתמש'!$B$15,COLUMNS($B$21:G21)) -> 0 | H21: =INDEX(הגדרות_משתמש!$B$3:'הגדרות_משתמש'!$B$15,COLUMNS($B$21:H21)) -> 0 | I21: =INDEX(הגדרות_משתמש!$B$3:'הגדרות_משתמש'!$B$15,COLUMNS($B$21:I21)) -> 0 | ... N21: =INDEX(הגדרות_משתמש!$B$3:'הגדרות_משתמש'!$B$15,COLUMNS($B$21:N21)) -> 0
A22: ממוצע | B22: =SUMIF(מעקב_מטלות!$A$2:'מעקב_מטלות'!$A$53,דשבורד!B21,מעקב_מטלות!$J$2:$J$53) -> 0 | C22: =SUMIF(מעקב_מטלות!$A$2:'מעקב_מטלות'!$A$53,דשבורד!C21,מעקב_מטלות!$J$2:$J$53) -> 0 | D22: =SUMIF(מעקב_מטלות!$A$2:'מעקב_מטלות'!$A$53,דשבורד!D21,מעקב_מטלות!$J$2:$J$53) -> 0 | E22: =SUMIF(מעקב_מטלות!$A$2:'מעקב_מטלות'!$A$53,דשבורד!E21,מעקב_מטלות!$J$2:$J$53) -> 0 | F22: =SUMIF(מעקב_מטלות!$A$2:'מעקב_מטלות'!$A$53,דשבורד!F21,מעקב_מטלות!$J$2:$J$53) -> 0 | G22: =SUMIF(מעקב_מטלות!$A$2:'מעקב_מטלות'!$A$53,דשבורד!G21,מעקב_מטלות!$J$2:$J$53) -> 0 | H22: =SUMIF(מעקב_מטלות!$A$2:'מעקב_מטלות'!$A$53,דשבורד!H21,מעקב_מטלות!$J$2:$J$53) -> 0 | I22: =SUMIF(מעקב_מטלות!$A$2:'מעקב_מטלות'!$A$53,דשבורד!I21,מעקב_מטלות!$J$2:$J$53) -> 0 | ... N22: =SUMIF(מעקב_מטלות!$A$2:'מעקב_מטלות'!$A$53,דשבורד!N21,מעקב_מטלות!$J$2:$J$53) -> 0
A24: נכשל | B24: טוב | C24: מצויין
A27: בחר שנת לימודים | B27: 2025 | C27: בחר חודש מתוך הרשימה: | D27: 11
B28: =DATE(B27,D27,1) -> 45962
A29: ראשון | B29: שני | C29: שלישי | D29: רביעי | E29: חמישי | F29: שישי | G29: שבת
A30: =B28-WEEKDAY(B28)+1 -> 45956 | B30: =A30+1 -> 45957 | C30: =B30+1 -> 45958 | D30: =C30+1 -> 45959 | E30: =D30+1 -> 45960 | F30: =E30+1 -> 45961 | G30: =F30+1 -> 45962
A31: =G30+1 -> 45963 | B31: =A31+1 -> 45964 | C31: =B31+1 -> 45965 | D31: =C31+1 -> 45966 | E31: =D31+1 -> 45967 | F31: =E31+1 -> 45968 | G31: =F31+1 -> 45969
A32: =G31+1 -> 45970 | B32: =A32+1 -> 45971 | C32: =B32+1 -> 45972 | D32: =C32+1 -> 45973 | E32: =D32+1 -> 45974 | F32: =E32+1 -> 45975 | G32: =F32+1 -> 45976
A33: =G32+1 -> 45977 | B33: =A33+1 -> 45978 | C33: =B33+1 -> 45979 | D33: =C33+1 -> 45980 | E33: =D33+1 -> 45981 | F33: =E33+1 -> 45982 | G33: =F33+1 -> 45983
A34: =G33+1 -> 45984 | B34: =A34+1 -> 45985 | C34: =B34+1 -> 45986 | D34: =C34+1 -> 45987 | E34: =D34+1 -> 45988 | F34: =E34+1 -> 45989 | G34: =F34+1 -> 45990
A35: =G34+1 -> 45991 | B35: =A35+1 -> 45992 | C35: =B35+1 -> 45993 | D35: =C35+1 -> 45994 | E35: =D35+1 -> 45995 | F35: =E35+1 -> 45996 | G35: =F35+1 -> 45997
A38: כל הזכויות שמורות. קובץ זה מיועד לשימוש אישי של הרוכש בלבד ואין להעתיקו או להפיצו. ©

Sheet מעקב_מטלות
A1: שם הקורס | B1: שם המטלה | C1: סוג המטלה | D1: תאריך_הגשה | E1: ימים שנותרו | F1: סטטוס | G1: עדיפות | H1: משקל בציון (%) | I1: ציון | J1: ציון לפי אחוז | K1: הערות | L1: עמודת עזר לדירוג | M1: דירוג דחיפות | O1: חישוב ממוצע משוקלל
E2: =IF(D2="", "", IF(F2="הוגש", "✅", D2-TODAY())) | J2: =I2*H2 -> 0 | L2: =IFERROR(טבלה1[[#This Row],[ימים שנותרו]]+ROW()/10000,"") | M2: =IFERROR(IF(טבלה1[[#This Row],[סטטוס]]<>"הוגש", _xlfn.RANK.EQ(L2,טבלה1[עמודת עזר לדירוג],1),"-"),"-") -> - | O2: שם הקורס
E3: =IF(D3="", "", IF(F3="הוגש", "✅", D3-TODAY())) | J3: =I3*H3 -> 0 | L3: =IFERROR(טבלה1[[#This Row],[ימים שנותרו]]+ROW()/10000,"") | M3: =IFERROR(IF(טבלה1[[#This Row],[סטטוס]]<>"הוגש", _xlfn.RANK.EQ(L3,טבלה1[עמודת עזר לדירוג],1),"-"),"-") -> - | O3: ממוצע משוקלל | P3: =SUMIF(טבלה1[שם הקורס],P2,טבלה1[ציון לפי אחוז]) -> 0
E4: =IF(D4="", "", IF(F4="הוגש", "✅", D4-TODAY())) | J4: =I4*H4 -> 0 | L4: =IFERROR(טבלה1[[#This Row],[ימים שנותרו]]+ROW()/10000,"") | M4: =IFERROR(IF(טבלה1[[#This Row],[סטטוס]]<>"הוגש", _xlfn.RANK.EQ(L4,טבלה1[עמודת עזר לדירוג],1),"-"),"-") -> -
E5: =IF(D5="", "", IF(F5="הוגש", "✅", D5-TODAY())) | J5: =I5*H5 -> 0 | L5: =IFERROR(טבלה1[[#This Row],[ימים שנותרו]]+ROW()/10000,"") | M5: =IFERROR(IF(טבלה1[[#This Row],[סטטוס]]<>"הוגש", _xlfn.RANK.EQ(L5,טבלה1[עמודת עזר לדירוג],1),"-"),"-") -> -
E6: =IF(D6="", "", IF(F6="הוגש", "✅", D6-TODAY())) | J6: =I6*H6 -> 0 | L6: =IFERROR(טבלה1[[#This Row],[ימים שנותרו]]+ROW()/10000,"") | M6: =IFERROR(IF(טבלה1[[#This Row],[סטטוס]]<>"הוגש", _xlfn.RANK.EQ(L6,טבלה1[עמודת עזר לדירוג],1),"-"),"-") -> -
E7: =IF(D7="", "", IF(F7="הוגש", "✅", D7-TODAY())) | J7: =I7*H7 -> 0 | L7: =IFERROR(טבלה1[[#This Row],[ימים שנותרו]]+ROW()/10000,"") | M7: =IFERROR(IF(טבלה1[[#This Row],[סטטוס]]<>"הוגש", _xlfn.RANK.EQ(L7,טבלה1[עמודת עזר לדירוג],1),"-"),"-") -> -
E8: =IF(D8="", "", IF(F8="הוגש", "✅", D8-TODAY())) | J8: =I8*H8 -> 0 | L8: =IFERROR(טבלה1[[#This Row],[ימים שנותרו]]+ROW()/10000,"") | M8: =IFERROR(IF(טבלה1[[#This Row],[סטטוס]]<>"הוגש", _xlfn.RANK.EQ(L8,טבלה1[עמודת עזר לדירוג],1),"-"),"-") -> -
E9: =IF(D9="", "", IF(F9="הוגש", "✅", D9-TODAY())) | J9: =I9*H9 -> 0 | L9: =IFERROR(טבלה1[[#This Row],[ימים שנותרו]]+ROW()/10000,"") | M9: =IFERROR(IF(טבלה1[[#This Row],[סטטוס]]<>"הוגש", _xlfn.RANK.EQ(L9,טבלה1[עמודת עזר לדירוג],1),"-"),"-") -> -
E10: =IF(D10="", "", IF(F10="הוגש", "✅", D10-TODAY())) | J10: =I10*H10 -> 0 | L10: =IFERROR(טבלה1[[#This Row],[ימים שנותרו]]+ROW()/10000,"") | M10: =IFERROR(IF(טבלה1[[#This Row],[סטטוס]]<>"הוגש", _xlfn.RANK.EQ(L10,טבלה1[עמודת עזר לדירוג],1),"-"),"-") -> -
E11: =IF(D11="", "", IF(F11="הוגש", "✅", D11-TODAY())) | J11: =I11*H11 -> 0 | L11: =IFERROR(טבלה1[[#This Row],[ימים שנותרו]]+ROW()/10000,"") | M11: =IFERROR(IF(טבלה1[[#This Row],[סטטוס]]<>"הוגש", _xlfn.RANK.EQ(L11,טבלה1[עמודת עזר לדירוג],1),"-"),"-") -> -
E12: =IF(D12="", "", IF(F12="הוגש", "✅", D12-TODAY())) | J12: =I12*H12 -> 0 | L12: =IFERROR(טבלה1[[#This Row],[ימים שנותרו]]+ROW()/10000,"") | M12: =IFERROR(IF(טבלה1[[#This Row],[סטטוס]]<>"הוגש", _xlfn.RANK.EQ(L12,טבלה1[עמודת עזר לדירוג],1),"-"),"-") -> -
E13: =IF(D13="", "", IF(F13="הוגש", "✅", D13-TODAY())) | J13: =I13*H13 -> 0 | L13: =IFERROR(טבלה1[[#This Row],[ימים שנותרו]]+ROW()/10000,"") | M13: =IFERROR(IF(טבלה1[[#This Row],[סטטוס]]<>"הוגש", _xlfn.RANK.EQ(L13,טבלה1[עמודת עזר לדירוג],1),"-"),"-") -> -
E14: =IF(D14="", "", IF(F14="הוגש", "✅", D14-TODAY())) | J14: =I14*H14 -> 0 | L14: =IFERROR(טבלה1[[#This Row],[ימים שנותרו]]+ROW()/10000,"") | M14: =IFERROR(IF(טבלה1[[#This Row],[סטטוס]]<>"הוגש", _xlfn.RANK.EQ(L14,טבלה1[עמודת עזר לדירוג],1),"-"),"-") -> -
E15: =IF(D15="", "", IF(F15="הוגש", "✅", D15-TODAY())) | J15: =I15*H15 -> 0 | L15: =IFERROR(טבלה1[[#This Row],[ימים שנותרו]]+ROW()/10000,"") | M15: =IFERROR(IF(טבלה1[[#This Row],[סטטוס]]<>"הוגש", _xlfn.RANK.EQ(L15,טבלה1[עמודת עזר לדירוג],1),"-"),"-") -> -
... E40: =IF(D40="", "", IF(F40="הוגש", "✅", D40-TODAY())) | J40: =I40*H40 -> 0 | L40: =IFERROR(טבלה1[[#This Row],[ימים שנותרו]]+ROW()/10000,"") | M40: =IFERROR(IF(טבלה1[[#This Row],[סטטוס]]<>"הוגש", _xlfn.RANK.EQ(L40,טבלה1[עמודת עזר לדירוג],1),"-"),"-") -> -
E41: =_xlfn.IFS(D41="","",F41="הוגש","✅",F41="התקבל ציון","✅",F41<>"הוגש",D41-TODAY()) | J41: =I41*H41 -> 0 | K41: =IF(E41<0,"באיחור","") | L41: =IFERROR(טבלה1[[#This Row],[ימים שנותרו]]+ROW()/10000,"") | M41: =IFERROR(IF(טבלה1[[#This Row],[סטטוס]]<>"הוגש", _xlfn.RANK.EQ(L41,טבלה1[עמודת עזר לדירוג],1),"-"),"-") -> -
E42: =_xlfn.IFS(D42="","",F42="הוגש","✅",F42="התקבל ציון","✅",F42<>"הוגש",D42-TODAY()) | J42: =I42*H42 -> 0 | K42: =IF(E42<0,"באיחור","") | L42: =IFERROR(טבלה1[[#This Row],[ימים שנותרו]]+ROW()/10000,"") | M42: =IFERROR(IF(טבלה1[[#This Row],[סטטוס]]<>"הוגש", _xlfn.RANK.EQ(L42,טבלה1[עמודת עזר לדירוג],1),"-"),"-") -> -
E43: =_xlfn.IFS(D43="","",F43="הוגש","✅",F43="התקבל ציון","✅",F43<>"הוגש",D43-TODAY()) | J43: =I43*H43 -> 0 | K43: =IF(E43<0,"באיחור","") | L43: =IFERROR(טבלה1[[#This Row],[ימים שנותרו]]+ROW()/10000,"") | M43: =IFERROR(IF(טבלה1[[#This Row],[סטטוס]]<>"הוגש", _xlfn.RANK.EQ(L43,טבלה1[עמודת עזר לדירוג],1),"-"),"-") -> -
E44: =_xlfn.IFS(D44="","",F44="הוגש","✅",F44="התקבל ציון","✅",F44<>"הוגש",D44-TODAY()) | J44: =I44*H44 -> 0 | K44: =IF(E44<0,"באיחור","") | L44: =IFERROR(טבלה1[[#This Row],[ימים שנותרו]]+ROW()/10000,"") | M44: =IFERROR(IF(טבלה1[[#This Row],[סטטוס]]<>"הוגש", _xlfn.RANK.EQ(L44,טבלה1[עמודת עזר לדירוג],1),"-"),"-") -> -
E45: =_xlfn.IFS(D45="","",F45="הוגש","✅",F45="התקבל ציון","✅",F45<>"הוגש",D45-TODAY()) | J45: =I45*H45 -> 0 | K45: =IF(E45<0,"באיחור","") | L45: =IFERROR(טבלה1[[#This Row],[ימים שנותרו]]+ROW()/10000,"") | M45: =IFERROR(IF(טבלה1[[#This Row],[סטטוס]]<>"הוגש", _xlfn.RANK.EQ(L45,טבלה1[עמודת עזר לדירוג],1),"-"),"-") -> -
E46: =_xlfn.IFS(D46="","",F46="הוגש","✅",F46="התקבל ציון","✅",F46<>"הוגש",D46-TODAY()) | J46: =I46*H46 -> 0 | K46: =IF(E46<0,"באיחור","") | L46: =IFERROR(טבלה1[[#This Row],[ימים שנותרו]]+ROW()/10000,"") | M46: =IFERROR(IF(טבלה1[[#This Row],[סטטוס]]<>"הוגש", _xlfn.RANK.EQ(L46,טבלה1[עמודת עזר לדירוג],1),"-"),"-") -> -
E47: =_xlfn.IFS(D47="","",F47="הוגש","✅",F47="התקבל ציון","✅",F47<>"הוגש",D47-TODAY()) | J47: =I47*H47 -> 0 | K47: =IF(E47<0,"באיחור","") | L47: =IFERROR(טבלה1[[#This Row],[ימים שנותרו]]+ROW()/10000,"") | M47: =IFERROR(IF(טבלה1[[#This Row],[סטטוס]]<>"הוגש", _xlfn.RANK.EQ(L47,טבלה1[עמודת עזר לדירוג],1),"-"),"-") -> -
E48: =_xlfn.IFS(D48="","",F48="הוגש","✅",F48="התקבל ציון","✅",F48<>"הוגש",D48-TODAY()) | J48: =I48*H48 -> 0 | K48: =IF(E48<0,"באיחור","") | L48: =IFERROR(טבלה1[[#This Row],[ימים שנותרו]]+ROW()/10000,"") | M48: =IFERROR(IF(טבלה1[[#This Row],[סטטוס]]<>"הוגש", _xlfn.RANK.EQ(L48,טבלה1[עמודת עזר לדירוג],1),"-"),"-") -> -
E49: =_xlfn.IFS(D49="","",F49="הוגש","✅",F49="התקבל ציון","✅",F49<>"הוגש",D49-TODAY()) | J49: =I49*H49 -> 0 | K49: =IF(E49<0,"באיחור","") | L49: =IFERROR(טבלה1[[#This Row],[ימים שנותרו]]+ROW()/10000,"") | M49: =IFERROR(IF(טבלה1[[#This Row],[סטטוס]]<>"הוגש", _xlfn.RANK.EQ(L49,טבלה1[עמודת עזר לדירוג],1),"-"),"-") -> -
E50: =_xlfn.IFS(D50="","",F50="הוגש","✅",F50="התקבל ציון","✅",F50<>"הוגש",D50-TODAY()) | J50: =I50*H50 -> 0 | K50: =IF(E50<0,"באיחור","") | L50: =IFERROR(טבלה1[[#This Row],[ימים שנותרו]]+ROW()/10000,"") | M50: =IFERROR(IF(טבלה1[[#This Row],[סטטוס]]<>"הוגש", _xlfn.RANK.EQ(L50,טבלה1[עמודת עזר לדירוג],1),"-"),"-") -> -
E51: =_xlfn.IFS(D51="","",F51="הוגש","✅",F51="התקבל ציון","✅",F51<>"הוגש",D51-TODAY()) | J51: =I51*H51 -> 0 | K51: =IF(E51<0,"באיחור","") | L51: =IFERROR(טבלה1[[#This Row],[ימים שנותרו]]+ROW()/10000,"") | M51: =IFERROR(IF(טבלה1[[#This Row],[סטטוס]]<>"הוגש", _xlfn.RANK.EQ(L51,טבלה1[עמודת עזר לדירוג],1),"-"),"-") -> -
E52: =_xlfn.IFS(D52="","",F52="הוגש","✅",F52="התקבל ציון","✅",F52<>"הוגש",D52-TODAY()) | J52: =I52*H52 -> 0 | K52: =IF(E52<0,"באיחור","") | L52: =IFERROR(טבלה1[[#This Row],[ימים שנותרו]]+ROW()/10000,"") | M52: =IFERROR(IF(טבלה1[[#This Row],[סטטוס]]<>"הוגש", _xlfn.RANK.EQ(L52,טבלה1[עמודת עזר לדירוג],1),"-"),"-") -> -
E53: =IF(D53="", "", IF(F53="הוגש", "✅", D53-TODAY())) | J53: =I53*H53 -> 0 | L53: =IFERROR(טבלה1[[#This Row],[ימים שנותרו]]+ROW()/10000,"") | M53: =IFERROR(IF(טבלה1[[#This Row],[סטטוס]]<>"הוגש", _xlfn.RANK.EQ(L53,טבלה1[עמודת עזר לדירוג],1),"-"),"-") -> -

Sheet מיילים_טלפונים _חשובים
B1: שם מרצה | C1: טלפון | D1: אימייל | G1: שם מרצה | H1: טלפון | I1: אימייל
A2: 1 | F2: 11
A3: 2 | F3: 12
A4: 3 | F4: 13
A5: 4 | F5: 14
A6: 5 | F6: 15
A7: 6 | F7: 16
A8: 7 | F8: 17
A9: 8 | F9: 18
A10: 9 | F10: 19
A11: 10 | F11: 20

Sheet lists
A1: סוג_המטלה | B1: סטטוס | C1: עדיפות | D1: שנת_לימודים
A2: תרגיל | B2: לא התחלתי | C2: נמוכה | D2: 2025
A3: עבודה | B3: בעבודה | C3: בינונית | D3: 2026
A4: מבחן | B4: הוגש | C4: גבוהה | D4: 2027
A5: פרויקט | B5: קבע סטטוס | C5: - | D5: 2028
A6: הכנס סוג | D6: 2029
D7: 2030
